boas_vindas	Bem-vindo à sala de cirurgia. Hoje você vai fazer um transplante de coração. Siga a seta amarela e as instruções do monitor.
etapa_incisao	Pegue o bisturi e corte a pele sobre a linha roxa, com a lâmina em pé.
dica_lamina	Vire a lâmina. Ela corta com o fio, não com a lateral.
fora_da_linha	Fique na linha roxa.
profundo_demais	Cuidado, mais raso. Só a pele.
incisao_perfeita	Belo corte!
etapa_esterno	Agora a serra. Apoie a lâmina na marca dourada para abrir o esterno.
cauterio	Está sangrando na borda. Use o bisturi elétrico nos pontos.
etapa_pericardio	Abra o pericárdio com o bisturi elétrico, na linha tracejada.
etapa_cec	Hora de entrar em circulação extracorpórea. Toque nos pontos âmbar, na ordem.
etapa_retirar	O coração está parado. Retire o coração doente.
etapa_doador	Traga o coração do doador da bandeja e coloque no peito.
etapa_vasos	Conecte os cinco vasos. Com o porta-agulha é mais rápido.
sangrando	Está vazando! Pressione a anastomose.
etapa_sair_bomba	Vasos prontos. Retire o clampe da aorta.
fibrilacao	Fibrilação ventricular! Pegue as pás e segure o coração entre elas.
afastar	Carregando... afasta!
ritmo_sinusal	Voltou! Ritmo sinusal.
desarejar	Agora desareje o coração e saia de bomba.
etapa_fechar	O coração está batendo. Feche a pele com o porta-agulha, nos pontos azuis.
concluido	Transplante concluído. Parabéns, doutor!
ajuda_equipe	Deixa que a equipe ajuda você.
trinta_segundos	Trinta segundos!
tempo_esgotado	O tempo acabou. Obrigado por operar com a gente!
